{"cameraMode":{"drawMode":0,"name":"Shaded","section":"Shading Mode"},"sceneLighting":true,"audioPlay":false,"sceneViewState":{"showFog":true,"showMaterialUpdate":false,"showSkybox":true,"showFlares":true,"showImageEffects":true,"showParticleSystems":true},"in2DMode":false,"pivot":{"x":18.167171478271486,"y":-2.474544048309326,"z":13.349311828613282},"rotation":{"x":0.18334375321865083,"y":0.432380735874176,"z":-0.09026617556810379,"w":0.8782277703285217},"size":16.04142189025879,"orthographic":false}